"#","Module","Simple","Composite","Items","ItemOps","Select","Options","EvdType","WorkBook"
1,"AIME",4,0,136,5,1,"likert","option","ok"
2,"CSI",8,6,72,5,1,"likert","option","ok"
3,"PSI",30,5,120,5,1,"likert","option","ok"
4,"GPQ",16,4,120,2,1,"statement","option","ok"
5,"MATE",10,6,45,5,1,"statement","option","ok"
6,"GATE",3,1,"-","-","-",,"option",
7,"SJT-ASN",9,0,27,4,2,"statement","option","ok"
8,"PRO-L",12,2,60,2,1,"statement","option","ok"
9,"INTRAY",14,5,"N","-","-","-","writing",
10,"WAWANCARA",12,6,"N","-","-","-","reported behavior",
11,"FGD",4,1,"N","-","-","-","observed behavior",
